<?xml version="1.0" encoding="UTF-8"?>
<!--
  Licensed to the Apache Software Foundation (ASF) under one or more
  contributor license agreements.  See the NOTICE file distributed with
  this work for additional information regarding copyright ownership.
  The ASF licenses this file to You under the Apache License, Version 2.0
  (the "License"); you may not use this file except in compliance with
  the License.  You may obtain a copy of the License at

      http://www.apache.org/licenses/LICENSE-2.0

  Unless required by applicable law or agreed to in writing, software
  distributed under the License is distributed on an "AS IS" BASIS,
  WITHOUT WARRANTIES OR CONDITIONS OF ANY KIND, either express or implied.
  See the License for the specific language governing permissions and
  limitations under the License.
-->
<!DOCTYPE document PUBLIC "-//APACHE//DTD Documentation V2.0//EN" "http://forrest.apache.org/dtd/document-v20.dtd">
<document> 
  <header> 
    <title>Download Apache XML Graphics Commons</title> 
  </header> 
  <body> 
    <section id="release">
      <title>Download a Release</title>
      <p>
        Source ("-src") and binary ("-bin") distributions can be downloaded from a
        <a href="http://www.apache.org/dyn/closer.cgi/xmlgraphics/commons">Apache XML Graphics Commons Distribution Mirror</a>.
      </p>
    </section>
    <section id="svn">
      <title>Download from Subversion</title>
      <p>
        The latest source code is available directly from the Subversion repository:
      </p>
      <table>
        <tr>
          <th colspan="2">Trunk</th>
        </tr>
        <tr>
          <td>Repository URL</td>
          <td>
            <a href="http://svn.apache.org/repos/asf/xmlgraphics/commons/trunk/">
              <code>http://svn.apache.org/repos/asf/xmlgraphics/commons/trunk/</code>
            </a>
          </td>
        </tr>
        <tr>
          <td>Web view</td>
          <td>
            <a href="http://svn.apache.org/viewvc/xmlgraphics/commons/trunk/">
              <code>http://svn.apache.org/viewvc/xmlgraphics/commons/trunk/</code>
            </a>
          </td>
        </tr>
      </table>
      <note>
        Committers need to replace "<code>http</code>" with "<code>https</code>"
        and then log in so they can gain write access!
      </note>
    </section>
  </body>
</document>
