<?xml version="1.0" encoding="UTF-8"?>
<news>
  <item date="2008-06-06" title="Version 1.3.1 Released">
    <p>
      This release is mostly a bugfix release for the image loading framework
      that has been introduced in version 1.3. For details, please see the
      <a href="changes.html#version_1.3.1">Changes</a> page.
    </p>
  </item>
  <item date="2008-03-07" title="Version 1.3 Released">
    <p>
      The most important addition in this release is an image loading framework
      which supports all sorts of different image formats (bitmap and vector) and
      is highly extensible.
    </p>
    <p>
      Besides that there were a larger number of smaller additions and bugfixes.
    </p>
    <p>
      Support for Java 1.3 has been dropped. Java 1.4 or later is required now.
    </p>
  </item>
  <item date="2007-07-21" title="Version 1.2 Released">
    <p>
      This release mainly adds support for CMYK and GRAY color spaces for
      PSGenerator. For details about other fixes, please see the
      <a href="changes.html#version_1.2">Changes</a> page.
    </p>
  </item>
  <item date="2006-12-22" title="Version 1.1 Released">
    <p>
      This release adds an XMP metadata framework and brings improvements for the
      ImageWriter package plus some minor fixes mainly in the PostScript area.
    </p>
  </item>
  <item date="2006-04-17" title="Version 1.0 Released">
    <p>
      This is the first release of Apache XML Graphics Commons. There are currently no
      known issues with the code.
    </p>
  </item>
</news>